,ano,mes,mes_numero,data_referencia,estado,regiao,numero_queimadas,numero_queimadas_outlier_iqr,numero_queimadas_tratado_iqr
count,4.0,4,4.0,4,4,4,4.0,4,4.0
unique,,4,,,4,2,,1,
top,,Janeiro,,,Amazonas,Norte,,False,
freq,,1,,,1,2,,4,
mean,1999.5,,2.5,1999-08-17 00:00:00,,,202.5,,202.5
min,1998.0,,1.0,1998-01-01 00:00:00,,,120.0,,120.0
25%,1998.75,,1.75,1998-10-25 00:00:00,,,142.5,,142.5
50%,1999.5,,2.5,1999-08-17 00:00:00,,,190.0,,190.0
75%,2000.25,,3.25,2000-06-08 00:00:00,,,250.0,,250.0
max,2001.0,,4.0,2001-04-01 00:00:00,,,310.0,,310.0
std,1.2909944487358056,,1.2909944487358056,,,,85.39125638299666,,85.39125638299666
